<?xml version="1.0"?>
<status>

  <developers>
    <person name="Ben Litchfield"      email="ben@benlitchfield.com"      id="BJL" />
    <!-- Add more people here -->
  </developers>
  
  <contexts>           
    <context id="code" title="Changes to the Code Base"/>
    <context id="docs" title="Changes to Documentation"/>
    <context id="admin" title="Changes to Project Administration"/>
    <context id="design" title="Changes to Design"/>
    <context id="build" title="Changes to Build"/>
  </contexts>   

  <changes>
    <!-- Add new releases here -->
          <!-- Some action types have associated images. By default, images are
      defined for 'add', 'fix', 'remove', 'update' and 'hack'. If you add
      src/documentation/resources/images/<foo>.jpg images, these will
      automatically be used for entries of type <foo>. -->

    <release version="0.2.0-dev" date="Release Date:Unknown">
    	<action context="code" dev="BJL" type="update">Upgraded to junit4.3</action>
    	<action context="code" dev="BJL" type="fix">[ 1745133 ]OutOfMemoryError exception during text(from pdfbox)</action>
	</release>
	<release version="0.1.0" date="11/18/2006">
	    <action context="code" dev="BJL" type="add">Initial Release</action>
	    <action context="code" dev="BJL" type="fix">[ 1426440 ] Problem loading Truetype font</action>
	</release>
  </changes>
    <todo>
    <actions priority="high">
      <action context="docs" dev="JB">
        Customize this template project with your project's details.  This
        TODO list is generated from 'status.xml'.
      </action>
      <action context="docs" dev="JB">
        Add lots of content.  XML content goes in
        <code>src/documentation/content/xdocs</code>, or wherever the
        <code>${project.xdocs-dir}</code> property (set in
        <code>forrest.properties</code>) points.
      </action>
      <action context="feedback" dev="JB">
        Mail <link
          href="mailto:forrest-dev@xml.apache.org">forrest-dev@xml.apache.org</link>
        with feedback.
      </action>
    </actions>
    <!-- Add todo items. @context is an arbitrary string. Eg:
    <actions priority="high">
      <action context="code" context="code" dev="SN">
      </action>
    </actions>
    <actions priority="medium">
      <action context="code" context="docs" dev="open">
      </action>
    </actions>
    -->
  </todo>

</status>
