<?xml version="1.0" encoding="UTF-8"?>
<!DOCTYPE document PUBLIC "-//APACHE//DTD Documentation V2.0//EN" "http://forrest.apache.org/dtd/document-v20.dtd">
<document> 
  <header> 
    <title>FontBox - Java Font Library</title>
    <meta name="keywords">Java Font Library, pdfbox, java font</meta>
  </header> 
  <body>
    <section>
      <title>Introduction</title>
      <p>FontBox is a Java font library used to obtain low level information from font files.</p>
    </section>
  </body>
</document>
