<?xml version="1.0"?>
<!--
  Copyright 2002-2004 The Apache Software Foundation

  Licensed under the Apache License, Version 2.0 (the "License");
  you may not use this file except in compliance with the License.
  You may obtain a copy of the License at

      http://www.apache.org/licenses/LICENSE-2.0

  Unless required by applicable law or agreed to in writing, software
  distributed under the License is distributed on an "AS IS" BASIS,
  WITHOUT WARRANTIES OR CONDITIONS OF ANY KIND, either express or implied.
  See the License for the specific language governing permissions and
  limitations under the License.
-->

<!--
Forrest site.xml

This file contains an outline of the site's information content.  It is used to:
- Generate the website menus (though these can be overridden - see docs)
- Provide semantic, location-independent aliases for internal 'site:' URIs, eg
<link href="site:changes"> links to changes.html (or ../changes.html if in
  subdir).
- Provide aliases for external URLs in the external-refs section.  Eg, <link
  href="ext:cocoon"> links to http://cocoon.apache.org/ 

See http://forrest.apache.org/docs/linking.html for more info
-->

<site label="FontBox" href="" xmlns="http://apache.org/forrest/linkmap/1.0" tab="">
  <about label="About">
    <index label="Index" href="index.html" description="Welcome to FontBox"/>
    <download label="Download" href="http://sourceforge.net/project/showfiles.php?group_id=149227" description="Download FontBox" />
    <nightly_release label="Nightly Build" href="http://www.fontbox.org/dist/" description="Download a nightly release of FontBox" />
    <forums label="Forums" href="http://sourceforge.net/forum/?group_id=149227" description="Discuss FontBox" />
    <issues label="Issues" href="http://sourceforge.net/tracker/?group_id=149227&amp;atid=773646" description="Submit an issue" />
    <sourceforge label="SourceForge" href="http://www.sf.net/projects/fontbox" description="SourceForge Site" />
    <references label="References" href="references.html" description="References" />
    <donations label="License" href="license.html" description="FontBox License" />
    <!--<donations label="Donations" href="donations.html" description="Donations" />-->
    <releaasenotes label="Release Notes" href="changes.html" description="Release Notes" />
  </about>
</site>
